{"cameraMode":{"drawMode":0,"name":"Shaded","section":"Shading Mode"},"sceneLighting":true,"audioPlay":false,"sceneViewState":{"showFog":true,"showMaterialUpdate":false,"showSkybox":true,"showFlares":true,"showImageEffects":true,"showParticleSystems":true},"in2DMode":false,"pivot":{"x":126.66732025146485,"y":4.693249225616455,"z":-75.53974151611328},"rotation":{"x":0.24085870385169984,"y":0.43283316493034365,"z":-0.12120342254638672,"w":0.8602655529975891},"size":14.373025894165039,"orthographic":false}