{"cameraMode":{"drawMode":0,"name":"Shaded","section":"Shading Mode"},"sceneLighting":true,"audioPlay":false,"sceneViewState":{"showFog":true,"showMaterialUpdate":false,"showSkybox":true,"showFlares":true,"showImageEffects":true,"showParticleSystems":true},"in2DMode":false,"pivot":{"x":73.70712280273438,"y":-19.103065490722658,"z":102.53897094726563},"rotation":{"x":0.2682431638240814,"y":-0.5450897216796875,"z":0.18931043148040772,"w":0.771501362323761},"size":161.81167602539063,"orthographic":false}