{"cameraMode":{"drawMode":0,"name":"Shaded","section":"Shading Mode"},"sceneLighting":true,"audioPlay":false,"sceneViewState":{"showFog":true,"showMaterialUpdate":false,"showSkybox":true,"showFlares":true,"showImageEffects":true,"showParticleSystems":true},"in2DMode":false,"pivot":{"x":38.02110290527344,"y":7.749072074890137,"z":-16.277812957763673},"rotation":{"x":0.06904676556587219,"y":0.6904252171516419,"z":-0.0664849504828453,"w":0.7170267701148987},"size":22.0,"orthographic":false}