{"cameraMode":{"drawMode":0,"name":"Shaded","section":"Shading Mode"},"sceneLighting":true,"audioPlay":false,"sceneViewState":{"showFog":true,"showMaterialUpdate":false,"showSkybox":true,"showFlares":true,"showImageEffects":true,"showParticleSystems":true},"in2DMode":false,"pivot":{"x":45.97999954223633,"y":11.789999961853028,"z":66.7699966430664},"rotation":{"x":-0.035113632678985599,"y":0.7041605710983276,"z":-0.03486379235982895,"w":-0.7083637714385986},"size":6.96500301361084,"orthographic":false}